{
  "style_name": "Default",
  "update_tick_time": 20,
  "list_header": [
    "",
    "<gr:#ff3173:#ff97b8><bold> Legendary Community</bold></gr> ⛏ ",
    "",
    "<color:#555555><strikethrough>        </strikethrough>[ </color><color:#FF5555>%server:online%<color:#6666676>/</color>%server:max_players%</color><color:#555555> ]<strikethrough>        </strikethrough></color>",
    ""
  ],
  "list_footer": [
    "",
    "<color:#555555><strikethrough>                          </strikethrough></color>",
    "",
    "<gray>TPS: %server:tps_colored% <dark_gray>|</dark_gray> <gray>Ping: <color:#ffba26>%player:ping%</color>",
    ""
  ],
  "hidden_in_commands": false
}