{
    "variants": {
        "": [ { "model": "block/acacia_planks", "weight":1 }
,{ "model": "block/acacia_planks1", "weight":1 }
,{ "model": "block/acacia_planks2", "weight":1 }
,{ "model": "block/acacia_planks3", "weight":1 }
,{ "model": "block/acacia_planks4", "weight":1 }
,{ "model": "block/acacia_planks5", "weight":1 }
,{ "model": "block/acacia_planks6", "weight":1 }
,{ "model": "block/acacia_planks7", "weight":1 }
,{ "model": "block/acacia_planks8", "weight":1 }
,{ "model": "block/acacia_planks9", "weight":1 }
,{ "model": "block/acacia_planks10", "weight":1 }
,{ "model": "block/acacia_planks11", "weight":1 }
,{ "model": "block/acacia_planks12", "weight":1 }

 ]   }
}