{
  "variants": {
    "": [
            { "model": "block/andesite", "weight":20 },
            { "model": "block/andesite", "y": 180, "weight":20 },
			{ "model": "block/andesite", "x": 180, "weight":20 },
            { "model": "block/andesite1", "weight":5 },
            { "model": "block/andesite2", "weight":5 },			
            { "model": "block/andesite3", "weight":5 },			
            { "model": "block/andesite4", "weight":5 },			
            { "model": "block/andesite5", "weight":5 },
            { "model": "block/andesite6", "weight":20 },
            { "model": "block/andesite6", "y": 180, "weight":20 },
			{ "model": "block/andesite6", "x": 180, "weight":20 },
            { "model": "block/andesite7", "y": 180, "weight":20 },
			{ "model": "block/andesite7", "x": 180, "weight":20 },
            { "model": "block/andesite8", "y": 180, "weight":20 },
			{ "model": "block/andesite8", "x": 180, "weight":20 }				
        ]
  }
}
