{
    "variants": {
        "": [ { "model": "block/coarse_dirt", "weight":15 },
{ "model": "block/coarse_dirt", "y": 90, "weight":15 },
{ "model": "block/coarse_dirt", "y": 180, "weight":15 },
{ "model": "block/coarse_dirt", "y": 270, "weight":15 },
{ "model": "block/coarse_dirt1", "weight":6 },
{ "model": "block/coarse_dirt1", "y": 90, "weight":6 },
{ "model": "block/coarse_dirt1", "y": 180, "weight":6 },
{ "model": "block/coarse_dirt1", "y": 270, "weight":6 },
{ "model": "block/coarse_dirt2", "weight":2 },
{ "model": "block/coarse_dirt2", "y": 90, "weight":2 },
{ "model": "block/coarse_dirt2", "y": 180, "weight":2 },
{ "model": "block/coarse_dirt2", "y": 270, "weight":2 },
{ "model": "block/coarse_dirt3", "weight":2 },
{ "model": "block/coarse_dirt3", "y": 90, "weight":2 },
{ "model": "block/coarse_dirt3", "y": 180, "weight":2 },
{ "model": "block/coarse_dirt3", "y": 270, "weight":2 },
{ "model": "block/coarse_dirt4", "weight":10 },
{ "model": "block/coarse_dirt4", "y": 90, "weight":3 },
{ "model": "block/coarse_dirt4", "y": 180, "weight":3 },
{ "model": "block/coarse_dirt4", "y": 270, "weight":3 },
{ "model": "block/coarse_dirt5", "weight":2 },
{ "model": "block/coarse_dirt5", "y": 90, "weight":2 },
{ "model": "block/coarse_dirt5", "y": 180, "weight":2 },
{ "model": "block/coarse_dirt5", "y": 270, "weight":2 },
{ "model": "block/coarse_dirt6", "weight":2 },
{ "model": "block/coarse_dirt6", "y": 90, "weight":2 },
{ "model": "block/coarse_dirt6", "y": 180, "weight":2 },
{ "model": "block/coarse_dirt6", "y": 270, "weight":2 }

 ]   }
}
