{
    "variants": {
        "": [ { "model": "block/dark_oak_planks", "weight":1 }
,{ "model": "block/dark_oak_planks1", "weight":1 }
,{ "model": "block/dark_oak_planks2", "weight":1 }
,{ "model": "block/dark_oak_planks3", "weight":1 }
,{ "model": "block/dark_oak_planks4", "weight":1 }
,{ "model": "block/dark_oak_planks5", "weight":1 }
,{ "model": "block/dark_oak_planks6", "weight":1 }
,{ "model": "block/dark_oak_planks7", "weight":1 }
,{ "model": "block/dark_oak_planks8", "weight":1 }
,{ "model": "block/dark_oak_planks9", "weight":1 }
,{ "model": "block/dark_oak_planks10", "weight":1 }
,{ "model": "block/dark_oak_planks11", "weight":1 }
,{ "model": "block/dark_oak_planks12", "weight":1 }

 ]   }
}