{
    "variants": {
        "": [ { "model": "block/dead_bush", "weight":1 }
,{ "model": "block/dead_bush1", "weight":1 }
,{ "model": "block/dead_bush2", "weight":1 }
,{ "model": "block/dead_bush3", "weight":1 }
,{ "model": "block/dead_bush4", "weight":1 }
,{ "model": "block/dead_bush5", "weight":1 }
,{ "model": "block/dead_bush6", "weight":1 }
,{ "model": "block/dead_bush7", "weight":1 }
,{ "model": "block/dead_bush8", "weight":1 }
,{ "model": "block/dead_bush9", "weight":1 }
 ]   }
}
