{
    "variants": {
        "": [ { "model": "block/dirt_path", "weight":200 },
{ "model": "block/dirt_path", "y": 90, "weight":200 },
{ "model": "block/dirt_path", "y": 180, "weight":200 },
{ "model": "block/dirt_path", "y": 270, "weight":200 },
{ "model": "block/dirt_path1", "weight":5 },
{ "model": "block/dirt_path1", "y": 90, "weight":5 },
{ "model": "block/dirt_path1", "y": 180, "weight":5 },
{ "model": "block/dirt_path1", "y": 270, "weight":5 },
{ "model": "block/dirt_path2", "weight":5 },
{ "model": "block/dirt_path2", "y": 90, "weight":5 },
{ "model": "block/dirt_path2", "y": 180, "weight":5 },
{ "model": "block/dirt_path2", "y": 270, "weight":5 },
{ "model": "block/dirt_path3", "weight":2 },
{ "model": "block/dirt_path3", "y": 90, "weight":2 },
{ "model": "block/dirt_path3", "y": 180, "weight":2 },
{ "model": "block/dirt_path3", "y": 270, "weight":2 },
{ "model": "block/dirt_path4", "weight":1 },
{ "model": "block/dirt_path4", "y": 90, "weight":1 },
{ "model": "block/dirt_path4", "y": 180, "weight":1 },
{ "model": "block/dirt_path4", "y": 270, "weight":1 }

 ]   }
}