{
    "variants": {
        "": [ { "model": "block/oak_planks", "weight":1 }
,{ "model": "block/oak_planks1", "weight":1 }
,{ "model": "block/oak_planks2", "weight":1 }
,{ "model": "block/oak_planks3", "weight":1 }
,{ "model": "block/oak_planks4", "weight":1 }
,{ "model": "block/oak_planks5", "weight":2 }
,{ "model": "block/oak_planks6", "weight":2 }
,{ "model": "block/oak_planks7", "weight":2 }
,{ "model": "block/oak_planks8", "weight":2 }
,{ "model": "block/oak_planks9", "weight":1 }
,{ "model": "block/oak_planks10", "weight":1 }
,{ "model": "block/oak_planks11", "weight":1 }
,{ "model": "block/oak_planks12", "weight":1}

 ]   }
}
