{
    "variants": {
        "age=0": [ { "model": "block/pumpkin_stem_stage0" },
				 { "model": "block/pumpkin_stem_stage0_1" },
				 { "model": "block/pumpkin_stem_stage0_2" } ],
        "age=1": [ { "model": "block/pumpkin_stem_stage1" },
				   { "model": "block/pumpkin_stem_stage1_1" },
				 { "model": "block/pumpkin_stem_stage1_2" } ],
        "age=2": [ { "model": "block/pumpkin_stem_stage2" },
				   { "model": "block/pumpkin_stem_stage2_1" },
				 { "model": "block/pumpkin_stem_stage2_2" } ],
        "age=3": [ { "model": "block/pumpkin_stem_stage3" },
				   { "model": "block/pumpkin_stem_stage3_1" },
				 { "model": "block/pumpkin_stem_stage3_2" } ],
         "age=4": [ { "model": "block/pumpkin_stem_stage4" },
					{ "model": "block/pumpkin_stem_stage4_1" },
				 { "model": "block/pumpkin_stem_stage4_2" } ],
        "age=5": [ { "model": "block/pumpkin_stem_stage5" },
				   { "model": "block/pumpkin_stem_stage5_1" },
				 { "model": "block/pumpkin_stem_stage5_2" } ],
        "age=6": [ { "model": "block/pumpkin_stem_stage6" },
				   { "model": "block/pumpkin_stem_stage6_1" },
				 { "model": "block/pumpkin_stem_stage6_2" } ],
         "age=7": [ { "model": "block/pumpkin_stem_stage7" },
		 		    { "model": "block/pumpkin_stem_stage7_1" },
				 { "model": "block/pumpkin_stem_stage7_2" } ]
    }
}