{
    "variants": {
        "half=lower": [ { "model": "block/rose_bush_bottom", "weight":2 },
			{ "model": "block/rose_bush_bottom1", "weight":2 },
			{ "model": "block/rose_bush_bottom2", "weight":1 },
			{ "model": "block/rose_bush_bottom3", "weight":1 } ],
        "half=upper": [ { "model": "block/rose_bush_top", "weight":2 },
			{ "model": "block/rose_bush_top1", "weight":2 },
			{ "model": "block/rose_bush_top2", "weight":1 },
			{ "model": "block/rose_bush_top3", "weight":1 } ]
    }
}

