{
    "variants": {
        "": [ { "model": "block/spruce_planks", "weight":1 }
,{ "model": "block/spruce_planks1", "weight":1 }
,{ "model": "block/spruce_planks2", "weight":1 }
,{ "model": "block/spruce_planks3", "weight":1 }
,{ "model": "block/spruce_planks4", "weight":1 }
,{ "model": "block/spruce_planks5", "weight":1 }
,{ "model": "block/spruce_planks6", "weight":1 }
,{ "model": "block/spruce_planks7", "weight":1 }
,{ "model": "block/spruce_planks8", "weight":1 }
,{ "model": "block/spruce_planks9", "weight":1 }
,{ "model": "block/spruce_planks10", "weight":1 }
,{ "model": "block/spruce_planks11", "weight":1 }
,{ "model": "block/spruce_planks12", "weight":1 }

 ]   }
}
