{
    "providers": [

    { "type": "bitmap",
            "file": "minecraft:font/raid.png",
            "ascent": 13, "height": 48,
            "chars": ["\uE903"]
        },
	{ "type": "bitmap",
            "file": "minecraft:font/ferrous.png",
            "ascent": 13, "height": 52,
            "chars": ["\uE904"]
        },
	{ "type": "bitmap",
            "file": "minecraft:font/frostmaw.png",
            "ascent": 13, "height": 56,
            "chars": ["\uE905"]
        },
	{ "type": "bitmap",
            "file": "minecraft:font/wither.png",
            "ascent": 13, "height": 52,
            "chars": ["\uE906"]
        },
	{ "type": "bitmap",
            "file": "minecraft:font/enderdragon.png",
            "ascent": 13, "height": 42,
            "chars": ["\uE907"]
        },
    { "type": "bitmap",
            "file": "minecraft:font/voidworm.png",
            "ascent": 18, "height": 37,
            "chars": ["\uE909"]
        },
    { "type": "bitmap",
            "file": "minecraft:font/swampjaw.png",
            "ascent": 13, "height": 47,
            "chars": ["\uE910"]
        },
    { "type": "bitmap",
            "file": "minecraft:font/witherstorm.png",
            "ascent": 18, "height": 64,
            "chars": ["\uE000"]
        },
    { "type": "bitmap",
            "file": "minecraft:font/bellringer.png",
            "ascent": 13, "height": 41,
            "chars": ["\uE912"]
        },
    { "type": "bitmap",
            "file": "minecraft:font/nightlich.png",
            "ascent": 18, "height": 51,
            "chars": ["\uE913"]
        },
    { "type": "bitmap",
            "file": "minecraft:font/voidblossom.png",
            "ascent": 18, "height": 52,
            "chars": ["\uE914"]
        },
    { "type": "bitmap",
            "file": "minecraft:font/obsidilith.png",
            "ascent": 18, "height": 47,
            "chars": ["\uE915"]
        },
    { "type": "bitmap",
            "file": "minecraft:font/nethergauntlet.png",
            "ascent": 18, "height": 35,
            "chars": ["\uE916"]
        }
    ]
}
