{
    "providers": [

    { "type": "bitmap",
            "file": "minecraft:font/raid.png",
            "ascent": 13, "height": 48,
            "chars": ["\uE903"]
        },
	{ "type": "bitmap",
            "file": "minecraft:font/ferrous.png",
            "ascent": 13, "height": 52,
            "chars": ["\uE904"]
        },
	{ "type": "bitmap",
            "file": "minecraft:font/frostmaw.png",
            "ascent": 13, "height": 56,
            "chars": ["\uE905"]
        },
	{ "type": "bitmap",
            "file": "minecraft:font/wither.png",
            "ascent": 13, "height": 52,
            "chars": ["\uE906"]
        },
	{ "type": "bitmap",
            "file": "minecraft:font/enderdragon.png",
            "ascent": 13, "height": 42,
            "chars": ["\uE907"]
        },
    { "type": "bitmap",
            "file": "minecraft:font/voidworm.png",
            "ascent": 18, "height": 37,
            "chars": ["\uE909"]
        },
    { "type": "bitmap",
            "file": "minecraft:font/swampjaw.png",
            "ascent": 13, "height": 47,
            "chars": ["\uE910"]
        },
    { "type": "bitmap",
            "file": "minecraft:font/witherstorm.png",
            "ascent": 18, "height": 64,
            "chars": ["\uE000"]
        },
    { "type": "bitmap",
            "file": "minecraft:font/bellringer.png",
            "ascent": 13, "height": 41,
            "chars": ["\uE912"]
        },
    { "type": "bitmap",
            "file": "minecraft:font/nightlich.png",
            "ascent": 18, "height": 51,
            "chars": ["\uE913"]
        },
    { "type": "bitmap",
            "file": "minecraft:font/voidblossom.png",
            "ascent": 18, "height": 52,
            "chars": ["\uE914"]
        },
    { "type": "bitmap",
            "file": "minecraft:font/obsidilith.png",
            "ascent": 18, "height": 47,
            "chars": ["\uE915"]
        },
    { "type": "bitmap",
            "file": "minecraft:font/nethergauntlet.png",
            "ascent": 18, "height": 35,
            "chars": ["\uE916"]
        },
    {  "type": "bitmap",
            "file": "minecraft:gui/container/brewing_guide_left.png",
            "ascent": 13, "height": 166,
            "chars": ["\uEff1"]
        },
    {  "type": "bitmap",
            "file": "minecraft:gui/container/brewing_guide_right.png",
            "ascent": 27, "height": 193,
            "chars": ["\uEff2"]
        },
    {   "type": "bitmap",
            "file": "minecraft:font/demonio_cinza.png",
            "ascent": 13, "height": 48,
            "chars": ["\uE001"]
        },
    {   "type": "bitmap",
            "file": "minecraft:font/demonio_vermelho.png",
            "ascent": 13, "height": 48,
            "chars": ["\uE002"]
        },
    {   "type": "bitmap",
            "file": "minecraft:font/boss_derieri.png",
            "ascent": 13, "height": 48,
            "chars": ["\uE003"]
        },
    {   "type": "bitmap",
            "file": "minecraft:font/boss_drole.png",
            "ascent": 13, "height": 48,
            "chars": ["\uE004"]
        },
    {   "type": "bitmap",
            "file": "minecraft:font/boss_estarossa.png",
            "ascent": 13, "height": 48,
            "chars": ["\uE005"]
        },
    {   "type": "bitmap",
            "file": "minecraft:font/boss_fraudrin.png",
            "ascent": 13, "height": 48,
            "chars": ["\uE006"]
        },
    {   "type": "bitmap",
            "file": "minecraft:font/boss_galand.png",
            "ascent": 13, "height": 48,
            "chars": ["\uE007"]
        },
    {   "type": "bitmap",
            "file": "minecraft:font/boss_gloxinia.png",
            "ascent": 13, "height": 48,
            "chars": ["\uE008"]
        },
    {   "type": "bitmap",
            "file": "minecraft:font/boss_gowther.png",
            "ascent": 13, "height": 48,
            "chars": ["\uE009"]
        },
    {   "type": "bitmap",
            "file": "minecraft:font/boss_melascula.png",
            "ascent": 13, "height": 48,
            "chars": ["\uE010"]
        },
    {   "type": "bitmap",
            "file": "minecraft:font/boss_monspiet.png",
            "ascent": 13, "height": 48,
            "chars": ["\uE011"]
        },
    {   "type": "bitmap",
            "file": "minecraft:font/boss_zeldris.png",
            "ascent": 13, "height": 48,
            "chars": ["\uE012"]
        }
    ]
}
